timestamp_iso,time_local,seconds_elapsed,latitude_raw,longitude_raw,latitude_filtered,longitude_filtered,horizontal_accuracy_m,speed_gps_mps,speed_filtered_mps,speed_filtered_kmh,cumulative_raw_distance_m,cumulative_filtered_distance_m,cumulative_steps,inferred_state,state_confidence
2026-09-17T17:36:21.669000+08:00,17:36:21,0.204,5.3571591,100.3015369,5.3571591,100.3015369,62.59,0.0,0.0,0.0,0.0,0.0,2,STATIONARY_WAITING,0.95
2026-09-17T17:36:23.829456+08:00,17:36:23,2.364,5.3571101,100.3017572,5.3571323,100.3016574,9.24,1.75,6.33,22.77,25.0,13.7,5,WALKING,0.85
2026-09-17T17:36:24.820281+08:00,17:36:24,3.355,5.3571457,100.3017841,5.3571371,100.3017029,9.26,0.8,5.12,18.44,29.9,18.7,6,WALKING,0.85
2026-09-17T17:36:25.821639+08:00,17:36:25,4.357,5.3572469,100.301779,5.3571724,100.3017274,8.26,0.74,4.75,17.11,41.2,23.5,7,WALKING,0.85
2026-09-17T17:36:26.842796+08:00,17:36:26,5.378,5.3571888,100.3018584,5.3571773,100.3017671,7.34,0.94,4.34,15.61,52.1,27.9,9,WALKING,0.9
2026-09-17T17:36:27.253792+08:00,17:36:27,5.789,5.3571651,100.3018126,5.3571739,100.3017797,6.63,0.88,3.53,12.71,57.8,29.4,9,WALKING,0.85
2026-09-17T17:36:27.652796+08:00,17:36:27,6.188,5.3571566,100.3017926,5.3571696,100.3017829,6.18,0.76,1.51,5.42,60.2,30.0,10,WALKING,0.85
2026-09-17T17:36:28.652307+08:00,17:36:28,7.187,5.3571541,100.3017813,5.3571661,100.3017826,6.16,0.0,0.39,1.41,61.5,30.4,11,QUEUE_SHUFFLE,0.8
2026-09-17T17:36:28.883859+08:00,17:36:28,7.419,5.3571514,100.3017783,5.357163,100.3017817,5.7,0.0,1.58,5.68,62.0,30.7,12,QUEUE_SHUFFLE,0.8
2026-09-17T17:36:29.478180+08:00,17:36:29,8.013,5.3571496,100.3017763,5.3571604,100.3017806,5.74,0.06,0.52,1.86,62.3,31.0,13,QUEUE_SHUFFLE,0.8
2026-09-17T17:36:29.506707+08:00,17:36:29,8.042,5.3571479,100.3017744,5.3571584,100.3017796,5.77,0.06,8.71,31.37,62.6,31.3,13,QUEUE_SHUFFLE,0.8
2026-09-17T17:36:29.652631+08:00,17:36:29,8.188,5.3571387,100.3017702,5.3571555,100.3017783,5.71,0.09,2.42,8.71,63.7,31.6,13,QUEUE_SHUFFLE,0.8
2026-09-17T17:36:30.417590+08:00,17:36:30,8.953,5.3571381,100.3017701,5.3571525,100.3017769,5.33,0.14,0.48,1.72,63.7,32.0,14,QUEUE_SHUFFLE,0.8
2026-09-17T17:36:30.652626+08:00,17:36:30,9.188,5.3571384,100.3017692,5.3571503,100.3017757,5.3,0.23,1.18,4.26,63.8,32.3,14,QUEUE_SHUFFLE,0.8
2026-09-17T17:36:30.896881+08:00,17:36:30,9.432,5.3571389,100.3017699,5.3571486,100.3017748,5.2,0.34,0.87,3.13,63.9,32.5,15,QUEUE_SHUFFLE,0.8
2026-09-17T17:36:31.652958+08:00,17:36:31,10.188,5.3571404,100.3017669,5.3571473,100.3017735,5.14,0.67,0.27,0.98,64.3,32.7,16,WALKING,0.85
2026-09-17T17:36:31.797949+08:00,17:36:31,10.333,5.3571409,100.301766,5.3571464,100.3017724,5.1,0.68,1.11,4.01,64.4,32.9,16,WALKING,0.85
2026-09-17T17:36:32.478542+08:00,17:36:32,11.014,5.3571411,100.3017623,5.3571456,100.3017709,5.17,0.76,0.28,1.02,64.8,33.1,17,WALKING,0.85
2026-09-17T17:36:32.652114+08:00,17:36:32,11.187,5.3571407,100.3017592,5.3571449,100.3017692,5.12,0.83,1.14,4.12,65.2,33.3,18,WALKING,0.85
2026-09-17T17:36:32.900319+08:00,17:36:32,11.435,5.3571401,100.3017562,5.3571442,100.3017675,5.18,0.87,0.82,2.94,65.5,33.5,18,WALKING,0.85
2026-09-17T17:36:33.638428+08:00,17:36:33,12.173,5.35714,100.3017502,5.3571436,100.301765,5.19,0.88,0.39,1.4,66.2,33.7,19,WALKING,0.85
2026-09-17T17:36:33.652547+08:00,17:36:33,12.188,5.357139,100.3017481,5.357143,100.3017628,5.1,0.89,18.1,65.17,66.4,34.0,19,WALKING,0.85
2026-09-17T17:36:34.261507+08:00,17:36:34,12.797,5.3571384,100.3017412,5.3571423,100.3017596,5.03,0.91,0.58,2.09,67.2,34.4,20,WALKING,0.85
2026-09-17T17:36:34.652567+08:00,17:36:34,13.188,5.3571363,100.3017352,5.3571415,100.301756,4.95,0.94,1.05,3.78,67.9,34.8,21,WALKING,0.85
2026-09-17T17:36:35.019986+08:00,17:36:35,13.555,5.357135,100.3017306,5.3571405,100.3017524,4.96,0.95,1.14,4.1,68.4,35.2,21,WALKING,0.85
2026-09-17T17:36:35.537620+08:00,17:36:35,14.073,5.3571338,100.3017253,5.3571395,100.3017484,4.98,0.95,0.88,3.17,69.0,35.6,22,WALKING,0.85
2026-09-17T17:36:35.652737+08:00,17:36:35,14.188,5.3571329,100.3017223,5.3571386,100.3017449,5.0,0.98,3.44,12.38,69.4,36.0,22,WALKING,0.85
2026-09-17T17:36:35.719521+08:00,17:36:35,14.255,5.3571325,100.3017214,5.3571379,100.3017421,5.02,0.99,4.81,17.33,69.5,36.4,22,WALKING,0.85
2026-09-17T17:36:35.997740+08:00,17:36:35,14.533,5.3571202,100.3017133,5.3571358,100.3017386,4.99,0.95,1.62,5.84,71.1,36.8,22,WALKING,0.85
2026-09-17T17:36:36.419517+08:00,17:36:36,14.955,5.3571181,100.3017114,5.3571335,100.3017352,4.99,0.95,1.08,3.89,71.5,37.3,22,WALKING,0.85
2026-09-17T17:36:36.652988+08:00,17:36:36,15.188,5.3571181,100.3017088,5.3571317,100.301732,5.0,0.95,1.77,6.38,71.7,37.7,22,WALKING,0.85
2026-09-17T17:36:36.860465+08:00,17:36:36,15.395,5.3571185,100.3017067,5.3571301,100.301729,5.02,0.92,1.79,6.43,72.0,38.1,22,WALKING,0.85
2026-09-17T17:36:37.652697+08:00,17:36:37,16.188,5.3571207,100.3016988,5.3571288,100.3017248,5.05,0.89,0.61,2.21,72.9,38.5,24,WALKING,0.85
2026-09-17T17:36:37.688864+08:00,17:36:37,16.224,5.3571208,100.3016982,5.3571278,100.3017215,5.04,0.89,10.52,37.88,73.0,38.9,24,WALKING,0.85
2026-09-17T17:36:38.446145+08:00,17:36:38,16.981,5.3571225,100.301692,5.3571271,100.3017174,5.08,0.83,0.62,2.22,73.7,39.4,24,WALKING,0.85
2026-09-17T17:36:38.653109+08:00,17:36:38,17.188,5.3571229,100.3016897,5.3571265,100.3017137,5.07,0.82,1.98,7.14,73.9,39.8,24,WALKING,0.85
2026-09-17T17:36:39.663549+08:00,17:36:39,18.199,5.3571242,100.3016814,5.3571261,100.3017086,5.09,0.8,0.56,2.02,74.9,40.4,24,QUEUE_SHUFFLE,0.8
2026-09-17T17:36:40.652784+08:00,17:36:40,19.188,5.3571342,100.3016702,5.3571276,100.3017016,5.0,1.08,0.79,2.86,76.5,41.2,24,WALKING,0.85
2026-09-17T17:36:41.149361+08:00,17:36:41,19.684,5.3571374,100.301665,5.3571293,100.3016954,5.06,0.99,1.43,5.16,77.2,41.9,24,WALKING,0.85
2026-09-17T17:36:41.652795+08:00,17:36:41,20.188,5.3571423,100.3016619,5.3571314,100.3016899,5.09,0.93,1.3,4.67,77.8,42.5,24,WALKING,0.85
2026-09-17T17:36:41.868303+08:00,17:36:41,20.403,5.3571444,100.3016608,5.3571333,100.3016857,5.16,0.88,2.39,8.62,78.1,43.0,24,WALKING,0.85
2026-09-17T17:36:42.278001+08:00,17:36:42,20.813,5.3571452,100.3016599,5.357135,100.301682,5.18,0.88,1.1,3.95,78.2,43.5,24,WALKING,0.85
2026-09-17T17:36:42.548903+08:00,17:36:42,21.084,5.3571429,100.3016544,5.3571361,100.3016783,5.22,0.88,1.57,5.66,78.9,43.9,24,WALKING,0.85
2026-09-17T17:36:42.652259+08:00,17:36:42,21.187,5.3571447,100.3016557,5.3571371,100.3016755,5.23,0.98,3.17,11.39,79.1,44.2,24,WALKING,0.85
2026-09-17T17:36:43.243459+08:00,17:36:43,21.778,5.3571473,100.3016523,5.3571384,100.3016725,5.33,0.92,0.61,2.2,79.6,44.6,34,WALKING,0.95
2026-09-17T17:36:43.652555+08:00,17:36:43,22.188,5.3571512,100.3016505,5.3571401,100.3016697,5.33,0.93,0.9,3.23,80.1,45.0,34,WALKING,0.95
2026-09-17T17:36:43.665240+08:00,17:36:43,22.2,5.357152,100.3016508,5.3571414,100.3016675,5.37,0.93,22.24,80.06,80.2,45.2,34,WALKING,0.95
2026-09-17T17:36:44.547145+08:00,17:36:44,23.082,5.3571575,100.3016462,5.3571436,100.3016646,5.4,0.85,0.45,1.63,81.0,45.6,36,WALKING,0.95
2026-09-17T17:36:44.652678+08:00,17:36:44,23.188,5.3571587,100.3016465,5.3571455,100.3016624,5.4,0.83,3.05,10.99,81.1,46.0,36,WALKING,0.95
2026-09-17T17:36:45.524910+08:00,17:36:45,24.06,5.3571633,100.3016417,5.357148,100.3016595,5.42,0.8,0.49,1.77,81.9,46.4,37,WALKING,0.95
2026-09-17T17:36:45.652661+08:00,17:36:45,24.188,5.3571632,100.3016424,5.35715,100.3016573,5.4,0.59,2.57,9.25,81.9,46.7,37,WALKING,0.95
2026-09-17T17:36:46.186341+08:00,17:36:46,24.721,5.3571646,100.3016409,5.3571519,100.3016551,5.43,0.57,0.61,2.19,82.2,47.1,38,WALKING,0.95
2026-09-17T17:36:46.653031+08:00,17:36:46,25.188,5.3571652,100.3016387,5.3571537,100.3016529,5.43,0.6,0.68,2.44,82.4,47.4,39,WALKING,0.95
2026-09-17T17:36:47.001149+08:00,17:36:47,25.536,5.3571658,100.3016373,5.3571553,100.3016508,5.43,0.53,0.83,2.99,82.6,47.7,39,WALKING,0.95
2026-09-17T17:36:47.652130+08:00,17:36:47,26.187,5.3571651,100.3016335,5.3571567,100.3016483,5.38,0.59,0.48,1.74,83.0,48.0,40,WALKING,0.95
2026-09-17T17:36:48.122711+08:00,17:36:48,26.658,5.3571647,100.3016312,5.3571579,100.3016459,5.36,0.56,0.64,2.3,83.3,48.3,41,WALKING,0.95
2026-09-17T17:36:48.652102+08:00,17:36:48,27.187,5.3571636,100.3016277,5.3571587,100.3016432,5.31,0.6,0.59,2.12,83.7,48.6,41,WALKING,0.95
2026-09-17T17:36:48.831846+08:00,17:36:48,27.367,5.3571635,100.3016273,5.3571594,100.301641,5.28,0.59,1.4,5.03,83.7,48.8,41,WALKING,0.95
2026-09-17T17:36:49.062141+08:00,17:36:49,27.597,5.3571555,100.3016253,5.3571589,100.301639,5.26,0.57,1.02,3.66,84.6,49.1,42,WALKING,0.95
2026-09-17T17:36:49.652298+08:00,17:36:49,28.187,5.3571551,100.3016231,5.3571583,100.3016367,5.19,0.62,0.43,1.56,84.9,49.3,43,WALKING,0.95
2026-09-17T17:36:49.800265+08:00,17:36:49,28.335,5.3571553,100.3016227,5.3571579,100.3016349,5.16,0.62,1.41,5.08,84.9,49.5,43,WALKING,0.95
2026-09-17T17:36:50.509632+08:00,17:36:50,29.045,5.3571582,100.3016208,5.357158,100.3016328,5.16,0.58,0.32,1.15,85.3,49.8,44,WALKING,0.95
2026-09-17T17:36:50.652337+08:00,17:36:50,29.187,5.3571588,100.3016198,5.3571581,100.301631,5.09,0.63,1.38,4.95,85.5,50.0,44,WALKING,0.95
2026-09-17T17:36:51.286102+08:00,17:36:51,29.821,5.3571619,100.301618,5.3571586,100.3016291,5.04,0.58,0.35,1.27,85.9,50.2,45,WALKING,0.95
2026-09-17T17:36:51.652674+08:00,17:36:51,30.188,5.357164,100.301616,5.3571594,100.3016272,5.02,0.67,0.62,2.25,86.2,50.4,45,WALKING,0.95
2026-09-17T17:36:51.985884+08:00,17:36:51,30.521,5.3571654,100.3016153,5.3571603,100.3016255,4.99,0.58,0.63,2.28,86.4,50.6,46,WALKING,0.95
2026-09-17T17:36:52.652151+08:00,17:36:52,31.187,5.3571685,100.3016128,5.3571616,100.3016235,4.95,0.66,0.39,1.41,86.8,50.9,46,WALKING,0.95
2026-09-17T17:36:52.781527+08:00,17:36:52,31.317,5.3571691,100.301612,5.3571626,100.3016219,4.94,0.66,1.66,5.98,86.9,51.1,46,WALKING,0.95
2026-09-17T17:36:53.653043+08:00,17:36:53,32.188,5.3571737,100.3016072,5.3571644,100.3016195,4.92,0.72,0.38,1.37,87.6,51.4,48,WALKING,0.95
2026-09-17T17:36:53.768892+08:00,17:36:53,32.304,5.3571743,100.3016061,5.3571659,100.3016176,4.92,0.72,2.31,8.31,87.8,51.7,48,WALKING,0.95
2026-09-17T17:36:54.344056+08:00,17:36:54,32.879,5.357177,100.3016035,5.3571675,100.3016154,4.93,0.7,0.52,1.89,88.2,52.0,49,WALKING,0.95
2026-09-17T17:36:54.652366+08:00,17:36:54,33.187,5.3571774,100.3016008,5.357169,100.3016133,4.92,0.69,0.92,3.32,88.5,52.3,49,WALKING,0.95
2026-09-17T17:36:55.043838+08:00,17:36:55,33.579,5.3571777,100.3015977,5.3571702,100.3016111,4.92,0.67,0.73,2.63,88.8,52.6,50,WALKING,0.95
2026-09-17T17:36:55.273674+08:00,17:36:55,33.809,5.3571775,100.3015968,5.3571712,100.3016091,4.93,0.66,1.05,3.77,88.9,52.8,50,WALKING,0.95
2026-09-17T17:36:55.652128+08:00,17:36:55,34.187,5.3571812,100.3015924,5.3571726,100.3016068,4.93,0.54,0.78,2.81,89.6,53.1,50,WALKING,0.95
2026-09-17T17:36:56.652623+08:00,17:36:56,35.188,5.3571792,100.3015897,5.3571771,100.3015974,4.94,0.37,0.0,0.0,90.0,54.3,51,STATIONARY_WAITING,0.95
2026-09-17T17:36:57.652190+08:00,17:36:57,36.187,5.3571755,100.3015875,5.3571777,100.3015946,4.98,0.23,0.0,0.0,90.4,54.6,51,STATIONARY_WAITING,0.95
2026-09-17T17:37:44.962000+08:00,17:37:44,83.497,5.3569915,100.3015832,5.3571652,100.3015929,26.54,0.0,0.0,0.0,110.9,56.0,90,STATIONARY_WAITING,0.95
