stage_id,mode,start_time,end_time,duration_minutes,step_gain,start_coords,end_coords
1,STATIONARY_WAITING,06:47:12,06:48:11,0.99,7,"5.3572768,100.2898076","5.3572176,100.289834"
2,QUEUE_SHUFFLE,06:48:12,06:49:22,1.16,13,"5.3572203,100.2898332","5.3572599,100.2898367"
3,WALKING,06:49:22,06:50:20,0.96,93,"5.3572658,100.2898413","5.3574224,100.2902992"
4,STATIONARY_WAITING,06:50:20,06:50:56,0.6,0,"5.357419,100.2903038","5.3574113,100.2903245"
5,QUEUE_SHUFFLE,06:50:57,06:52:03,1.1,9,"5.3574124,100.2903274","5.357412,100.2903321"
6,STATIONARY_WAITING,06:52:04,07:03:01,10.95,54,"5.3574106,100.29033","5.3573946,100.290257"
7,QUEUE_SHUFFLE,07:03:02,07:04:13,1.18,19,"5.3573937,100.2902567","5.3573623,100.2902613"
8,STATIONARY_WAITING,07:04:14,07:34:04,29.83,39,"5.3573626,100.2902604","5.3573532,100.2903634"
9,WALKING,07:34:04,07:34:34,0.5,45,"5.3573506,100.2903648","5.3571676,100.2905861"
10,STATIONARY_WAITING,07:34:35,07:35:16,0.68,3,"5.3571698,100.2905855","5.3571791,100.2905832"
11,QUEUE_SHUFFLE,07:35:17,07:35:32,0.25,0,"5.35718,100.2905832","5.357185,100.2905846"
12,STATIONARY_WAITING,07:35:33,07:35:50,0.28,0,"5.3571853,100.2905838","5.3571843,100.2905915"
13,WALKING,07:35:51,07:36:22,0.52,0,"5.3571772,100.2906009","5.3568976,100.2907456"
14,STATIONARY_WAITING,07:36:23,07:38:15,1.87,70,"5.3568917,100.2907498","5.3569004,100.2907736"
15,WALKING,07:38:16,07:38:46,0.5,0,"5.3569006,100.2907736","5.3567035,100.2908985"
16,QUEUE_SHUFFLE,07:38:47,07:39:46,0.98,99,"5.3567009,100.2909005","5.3566884,100.2910614"
17,WALKING,07:39:46,07:40:42,0.93,75,"5.3566884,100.2910614","5.3564735,100.2913222"
18,STATIONARY_WAITING,07:40:43,07:41:31,0.79,34,"5.3564844,100.291331","5.3565079,100.2915403"
19,WALKING,07:41:31,07:42:07,0.59,0,"5.3565077,100.2915405","5.3564615,100.2917571"
20,STATIONARY_WAITING,07:42:07,07:43:43,1.59,6,"5.3564591,100.2917631","5.3565113,100.2921522"
21,QUEUE_SHUFFLE,07:43:43,07:44:43,1.0,0,"5.356512,100.2921551","5.356496,100.2923477"
22,STATIONARY_WAITING,07:44:44,07:45:23,0.65,0,"5.356496,100.2923519","5.356424,100.292532"
23,WALKING,07:45:24,07:46:54,1.5,0,"5.3564238,100.2925366","5.3564514,100.2931177"
24,QUEUE_SHUFFLE,07:46:55,07:47:35,0.68,417,"5.3564501,100.2931188","5.3563923,100.2933237"
25,STATIONARY_WAITING,07:47:36,07:47:59,0.38,6,"5.3563945,100.2933396","5.3564025,100.293271"
26,WALKING,07:48:00,07:48:30,0.5,74,"5.3564018,100.2932705","5.356175,100.2934728"
27,STATIONARY_WAITING,07:48:31,07:49:28,0.95,16,"5.3561689,100.2934714","5.3561824,100.2934776"
28,QUEUE_SHUFFLE,07:49:29,07:49:55,0.42,0,"5.3561839,100.2934775","5.3561401,100.2935139"
29,WALKING,07:49:55,07:50:13,0.3,0,"5.3561361,100.2935153","5.3560281,100.2936054"
30,STATIONARY_WAITING,07:50:14,07:53:58,3.73,59,"5.3560266,100.2936236","5.3560406,100.2936404"
31,QUEUE_SHUFFLE,07:53:59,07:55:23,1.39,61,"5.3560456,100.2936403","5.3560817,100.2937911"
32,STATIONARY_WAITING,07:55:23,07:58:33,3.17,122,"5.3560736,100.293789","5.3560138,100.2936927"
33,VEHICLE_TRANSIT,07:58:34,08:01:55,3.35,0,"5.3560096,100.2937436","5.3572936,100.3014967"
34,STATIONARY_WAITING,08:01:56,08:02:55,0.99,0,"5.3572412,100.3014567","5.3571739,100.3014978"
35,WALKING,08:02:56,08:03:34,0.64,0,"5.3571742,100.3014983","5.3571451,100.3017571"
36,STATIONARY_WAITING,08:03:35,08:18:58,15.37,94,"5.3571404,100.3017527","5.3571374,100.3017593"
37,QUEUE_SHUFFLE,08:18:58,08:19:58,1.0,0,"5.3571373,100.3017595","5.357206,100.3017488"
38,STATIONARY_WAITING,08:19:59,08:32:27,12.48,3,"5.3572058,100.3017485","5.3571598,100.3017507"
39,WALKING,08:32:28,08:36:17,3.82,288,"5.3571607,100.3017543","5.3569431,100.3030656"
40,QUEUE_SHUFFLE,08:36:18,08:36:35,0.29,0,"5.3569429,100.3030656","5.356933,100.3030806"
41,STATIONARY_WAITING,08:36:36,09:18:57,42.35,57,"5.3569294,100.3030869","5.3568862,100.3030867"
